{
  "overall_bleu": 0.08853267674296102,
  "route_bleu": {
    "en_hi": 0.41113361690051975,
    "en_ml": 0,
    "en_ta": 0.07308015504567583,
    "en_te": 0.039281465090051315,
    "hi_en": 0.033031643180138064,
    "ml_en": 0.050712153369465586,
    "ta_en": 0.10266900960803409,
    "te_en": 0.02777619034011792
  }
}